job,website,company,salary
"Java高级开发工程师&nbsp;<a href=""http://e.zhaopin.com/products/1/detail.do"" target=""_blank"" title=""点击“顶”字，了解更多""><img src=""/assets/images/top.png"" border=""0""   align=""absmiddle"">&nbsp;<img src=""/assets/images/jp.gif"" border=""0"" align=""absmiddle"">",http://company.zhaopin.com/P7/CC1205/9856/CC120598567.htm,北京中海纪元数字技术发展股份有限公司,10000-20000
JAVA高级工程师,http://company.zhaopin.com/%E5%8C%97%E4%BA%AC%E5%8C%97%E5%A4%A7%E8%BD%AF%E4%BB%B6%E5%B7%A5%E7%A8%8B%E5%8F%91%E5%B1%95%E6%9C%89%E9%99%90%E5%85%AC%E5%8F%B8_CC000362500.htm,北京北大软件工程股份有限公司,10001-15000
JAVA开发工程师,http://company.zhaopin.com/%E5%8C%97%E4%BA%AC%E5%8C%97%E5%A4%A7%E8%BD%AF%E4%BB%B6%E5%B7%A5%E7%A8%8B%E5%8F%91%E5%B1%95%E6%9C%89%E9%99%90%E5%85%AC%E5%8F%B8_CC000362500.htm,北京北大软件工程股份有限公司,15001-20000
高级JAVA开发工程师（渠道）,http://company.zhaopin.com/%E5%8C%97%E4%BA%AC%E5%8C%97%E5%A4%A7%E8%BD%AF%E4%BB%B6%E5%B7%A5%E7%A8%8B%E5%8F%91%E5%B1%95%E6%9C%89%E9%99%90%E5%85%AC%E5%8F%B8_CC000362500.htm,北京北大软件工程股份有限公司,20001-30000
JAVA 软件工程师,http://company.zhaopin.com/P6/CC0004/1335/CC000413352.htm,民航数据通信有限公司,10001-15000
后端高级Java研发工程师,http://company.zhaopin.com/CC419073231.htm,北京鼎阅广告传媒有限责任公司,25000-35000
中高级JAVA工程师-JD006,http://special.zhaopin.com/pagepublish/12098966/index.html,北京爱特泰克技术股份公司,15000-22000
高级java开发工程师,http://special.zhaopin.com/2010/bj/sjgt121404/index.html,北京世纪高通科技有限公司,15000-25000
API  Java工程师,http://company.zhaopin.com/CC419073231.htm,北京鼎阅广告传媒有限责任公司,13000-18000
JAVA工程师,http://company.zhaopin.com/CC483318733.htm,北京万山数据科技有限公司,15000-25000
java中高级开发工程师,http://company.zhaopin.com/CC380207010.htm,北京广视通达数字网络科技有限公司,10001-15000
JAVA高级工程师,http://company.zhaopin.com/%E5%8C%97%E4%BA%AC%E4%BC%97%E5%92%8C%E5%AE%B9%E6%99%BA%E7%94%B5%E5%AD%90%E7%A7%91%E6%8A%80%E6%9C%89%E9%99%90%E5%85%AC%E5%8F%B8_CC193710213.htm,北京众和容智电子科技有限公司,15000-30000
Java软件工程师,http://company.zhaopin.com/CZ276105730.htm,北京稻壳科技有限公司,8000-15000
JAVA开发工程师（含实习生）,http://company.zhaopin.com/CZ276105730.htm,北京稻壳科技有限公司,4001-6000
中级Java软件开发工程师,http://special.zhaopin.com/pagepublish/14173662/index.html,江西博微新技术有限公司,7000-10000
java工程师,http://company.zhaopin.com/CC278763683.htm,北京蓝光汇智网络科技有限公司,10001-15000
中级java工程师,http://company.zhaopin.com/CC449181382.htm,常州科睿达信息科技有限公司,10000-15000
高级 JAVA 工程师,http://company.zhaopin.com/%E5%8C%97%E4%BA%AC%E5%B8%83%E7%91%9E%E5%85%8B%E5%86%9C%E4%B8%9A%E4%BF%A1%E6%81%AF%E7%A7%91%E6%8A%80%E6%9C%89%E9%99%90%E8%B4%A3%E4%BB%BB%E5%85%AC%E5%8F%B8_CC543746423.htm,北京布瑞克农信科技集团有限责任公司,10001-15000
Java开发工程师,http://special.zhaopin.com/2017/bj/szyc032392/,神州优车股份有限公司,13000-25000
java工程师,http://company.zhaopin.com/CC690807720.htm,北京大账房信息技术有限公司,10000-20000
JAVA开发工程师,http://special.zhaopin.com/pagepublish/23040811/index.html,必联(北京)电子商务科技有限公司,10001-15000
Java高级开发工程师,http://special.zhaopin.com/pagepublish/23040811/index.html,必联(北京)电子商务科技有限公司,20001-30000
Java工程师,http://company.zhaopin.com/CC617144229.htm,北京鼎亚科技有限公司,10001-15000
java研发工程师,http://special.zhaopin.com/pagepublish/15098381/index.html,北京信普达系统工程有限公司,4001-6000
Java高级开发工程师（APP端）,http://company.zhaopin.com/CC419073231.htm,北京鼎阅广告传媒有限责任公司,20000-35000
Java工程师-海外直播APP,http://company.zhaopin.com/CC677618624.htm,北京趣加科技有限公司,10000-20000
高级Java开发工程师,http://company.zhaopin.com/CC325318488.htm,德稻全球创新网络(北京)有限公司,18000-30000
JAVA高级开发工程师,http://company.zhaopin.com/CZ631503730.htm,北京学橙归来教育科技有限公司,15000-25000
Java开发工程师,http://company.zhaopin.com/CC380207010.htm,北京广视通达数字网络科技有限公司,10001-15000
JAVA中高级开发工程师,http://company.zhaopin.com/CZ631503730.htm,北京学橙归来教育科技有限公司,15000-25000
高级java研发工程师(急)-7,http://special.zhaopin.com/bj/2013/zkrk062859,中科软科技股份有限公司,10000-15000
JAVA工程师,http://company.zhaopin.com/%E5%8C%97%E4%BA%AC%E6%85%A7%E8%81%AA%E8%B5%84%E9%81%93%E5%92%A8%E8%AF%A2%E6%9C%89%E9%99%90%E5%85%AC%E5%8F%B8_CC507189822.htm,北京慧辰资道资讯股份有限公司,8000-12000
JAVA工程师,http://company.zhaopin.com/%E5%8C%97%E4%BA%AC%E6%85%A7%E8%81%AA%E8%B5%84%E9%81%93%E5%92%A8%E8%AF%A2%E6%9C%89%E9%99%90%E5%85%AC%E5%8F%B8_CC507189822.htm,北京慧辰资道资讯股份有限公司,8000-12000
JAVA工程师,http://company.zhaopin.com/CC421475684.htm,北京神州云合数据科技发展有限公司,15000-28000
JAVA开发工程师（互联网旅游平台）,http://company.zhaopin.com/%E5%8C%97%E4%BA%AC%E5%92%8C%E5%B9%B3%E5%A4%A9%E4%B8%8B%E5%9B%BD%E9%99%85%E6%97%85%E8%A1%8C%E7%A4%BE%E6%9C%89%E9%99%90%E5%85%AC%E5%8F%B8_CC385443327.htm,北京和平天下国际旅行社有限公司,10001-15000
JAVA工程师,http://company.zhaopin.com/CC396144035.htm,北京星河空间科技集团有限公司,15000-20000
Java开发工程师,http://company.zhaopin.com/CZ131172680.htm,北京中盛永信科技发展有限公司,6000-10000
高级java软件工程师,http://company.zhaopin.com/%E5%8C%97%E4%BA%AC%E4%B8%9C%E6%81%92%E5%8D%8E%E8%AF%9A%E7%A7%91%E6%8A%80%E6%9C%89%E9%99%90%E5%85%AC%E5%8F%B8_CC429511228.htm,北京东恒华诚科技有限公司,20001-30000
高级JAVA工程师,http://company.zhaopin.com/CC582029126.htm,优识云创(北京)科技有限公司,15000-30000
javascript工程师,http://special.zhaopin.com/pagepublish/13142527/index.html,北京求之易数据有限公司,10000-18000
java 高级软件工程师 软件开发工程师,http://company.zhaopin.com/CC226825337.htm,北京问世技术服务有限公司,15001-20000
Java工程师,http://company.zhaopin.com/CC246362737.htm,北京奇安信科技有限公司,15000-20000
java游戏开发工程师,http://company.zhaopin.com/CC229550532.htm,北京骄阳星天纪网络科技有限公司,10001-15000
Java工程师,http://company.zhaopin.com/CC617144229.htm,北京鼎亚科技有限公司,8000-14000
Java工程师  短期出差,http://company.zhaopin.com/CC617144229.htm,北京鼎亚科技有限公司,11000-17000
JAVA工程师,http://company.zhaopin.com/CC639955636.htm,思博胜科技(天津)有限公司北京分公司,10001-15000
java开发工程师[北京-海淀区],http://company.zhaopin.com/CC374828837.htm,北京惟易信息技术有限公司,10001-15000
Java高级开发工程师,http://special.zhaopin.com/pagepublish/18778722/index.html,北京汇智翔宇科技有限公司,13000-16000
java高级软件工程师,http://special.zhaopin.com/pagepublish/12040409/index.html,北京派得伟业科技发展有限公司,8001-10000
高级JAVA开发工程师,http://special.zhaopin.com/bj/2009/bdl122112/,北京百得利汽车进出口集团有限公司,30001-50000
高级Java工程师,http://company.zhaopin.com/CC491014085.htm,湖南华威金安企业管理有限公司北京分公司,15000-30000
java高级工程师,http://company.zhaopin.com/CC233238182.htm,北京纺联信息技术有限公司,10001-15000
Java高级工程师,http://special.zhaopin.com/pagepublish/13142527/index.html,北京求之易数据有限公司,10000-18000
JAVAweb工程师8千起薪（2018年应届生）,http://company.zhaopin.com/%E4%B8%AD%E8%BD%AF%E9%AB%98%E7%A7%91%EF%BC%88%E5%8C%97%E4%BA%AC%EF%BC%89%E7%A7%91%E6%8A%80%E6%9C%89%E9%99%90%E5%85%AC%E5%8F%B8_CC508457922.htm,中软高科（北京）科技有限公司,8001-10000
JAVA大数据开发工程师周末双休、年底十三薪,http://company.zhaopin.com/%E4%B8%AD%E8%BD%AF%E9%AB%98%E7%A7%91%EF%BC%88%E5%8C%97%E4%BA%AC%EF%BC%89%E7%A7%91%E6%8A%80%E6%9C%89%E9%99%90%E5%85%AC%E5%8F%B8_CC508457922.htm,中软高科（北京）科技有限公司,8001-10000
Java Web开发工程师,http://special.zhaopin.com/pagepublish/15652982/index.html,北京振中电子技术有限公司,8000-13000
java高级工程师,http://company.zhaopin.com/CC451613439.htm,深圳市前海洪涛教育科技有限公司北京分公司,20001-30000
Java开发工程师,http://company.zhaopin.com/P8/CC1363/7797/CC136377979.htm,北京月新时代科技股份有限公司,9000-18000
JAVA开发工程师,http://company.zhaopin.com/CC647755625.htm,中瑞华科(北京)科技有限公司,6001-8000
java开发工程师,http://company.zhaopin.com/CC422760080.htm,北京新地世达科技发展有限公司,15001-20000
"Java高级开发工程师&nbsp;<a href=""http://e.zhaopin.com/products/1/detail.do"" target=""_blank"" title=""点击“顶”字，了解更多""><img src=""/assets/images/top.png"" border=""0""   align=""absmiddle"">&nbsp;<img src=""/assets/images/jp.gif"" border=""0"" align=""absmiddle"">",http://company.zhaopin.com/P7/CC1205/9856/CC120598567.htm,北京中海纪元数字技术发展股份有限公司,10000-20000
中级java工程师,http://company.zhaopin.com/CC311289936.htm,北京云纵信息技术有限公司,14000-25000
高级java工程师（阿里投资背景）,http://company.zhaopin.com/CC311289936.htm,北京云纵信息技术有限公司,25000-40000
高薪诚聘Java工程师,http://company.zhaopin.com/CC494779080.htm,北京百联时代科技有限公司,4001-6000
Java 工程师（北京）J13677,http://special.zhaopin.com/bj/2011/rj01242223/index.htm,福建星网锐捷网络有限公司,20000-25000
Java工程师（云通信）,http://special.zhaopin.com/bj/2010/yongyou080419/index.html,用友网络科技股份有限公司,15001-20000
Java工程师,http://special.zhaopin.com/bj/2010/yongyou080419/index.html,用友网络科技股份有限公司,15000-25000
软件开发高级工程师（JAVA）,http://company.zhaopin.com/P8/CC1423/3107/CC142331073.htm,福建新大陆软件工程有限公司,30001-50000
高薪Java开发初级工程师,http://company.zhaopin.com/CC494779080.htm,北京百联时代科技有限公司,6001-8000
JAVA高级研发工程师,http://company.zhaopin.com/P2/CC2357/2231/CC235722319.htm,北京链家房地产经纪有限公司,30001-50000
初级JAVA开发工程师（岗位可实习）,http://company.zhaopin.com/CC494779080.htm,北京百联时代科技有限公司,4001-6000
高级Java开发工程师,http://company.zhaopin.com/CC494779080.htm,北京百联时代科技有限公司,8001-10000
Java开发工程师,http://special.zhaopin.com/bj/2010/yongyou080419/index.html,用友网络科技股份有限公司,15000-25000
Java开发工程师技术助理+包住,http://company.zhaopin.com/CC494779080.htm,北京百联时代科技有限公司,4001-6000
初级JAVA开发工程师+双休,http://company.zhaopin.com/CC494779080.htm,北京百联时代科技有限公司,4001-6000
初级java开发工程师助理包住,http://company.zhaopin.com/CC494779080.htm,北京百联时代科技有限公司,6001-8000
高级Java开发工程师,http://special.zhaopin.com/bj/2010/yongyou080419/index.html,用友网络科技股份有限公司,15000-25000
高薪双休 Java开发初级工程师,http://company.zhaopin.com/CC494779080.htm,北京百联时代科技有限公司,6001-8000
Java工程师J11229,http://company.zhaopin.com/CC688310727.htm,易鑫集团,15001-20000
java软件工程师留用实习生,http://company.zhaopin.com/CC567369733.htm,北京欣如信科技有限公司,8001-10000
中高级Java工程师(001177),http://special.zhaopin.com/pagepublish/13542410/index.html,北京辰安科技股份有限公司,10000-20000
售后Java工程师助理,http://company.zhaopin.com/CC540049933.htm,北京玖易创新网络科技有限公司,4001-6000
Java工程师助理可实习,http://company.zhaopin.com/CC540049933.htm,北京玖易创新网络科技有限公司,4001-6000
Java工程师助理包吃住,http://company.zhaopin.com/CC514689632.htm,广州胖虾网络科技有限公司,4001-6000
Java开发工程师,http://special.zhaopin.com/2017/bj/szyc032392/,神州优车股份有限公司,13000-25000
java高级工程师,redirecturl?url=http%3a%2f%2fmaker.haier.net%2fcustompage%2findex%2findex.html%3fplatformcode%3dzl&amp;cc=CC121066847J90316834000&amp;sign=B38039DCD217B30005602D61F2BEE9C2,海尔集团公司,面议
高级JAVA开发工程师/架构师,http://special.zhaopin.com/bj/2015/hc032014/enter.html,北京恒昌利通投资管理有限公司,面议
JAVA开发工程师（偏网络）,redirecturl?url=http%3a%2f%2fmaker.haier.net%2fcustompage%2findex%2findex.html%3fplatformcode%3dzl&amp;cc=CC121066847J90317607000&amp;sign=B38039DCD217B30005602D61F2BEE9C2,海尔集团公司,面议
java工程师--数据挖掘方向,http://company.zhaopin.com/CC699824224.htm,圣盈信(北京)管理咨询有限公司,15000-25000
java工程师（数据方向）,http://company.zhaopin.com/CC677171025.htm,巧达科技(北京)有限公司,20000-40000
Java工程师,http://company.zhaopin.com/CC606048725.htm,北京掌上先机网络科技有限公司,4000-8000
后端高级Java研发工程师,http://company.zhaopin.com/CC419073231.htm,北京鼎阅广告传媒有限责任公司,25000-35000
java开发工程师,http://company.zhaopin.com/CC121052750.htm,北京瑞祥佳艺建筑装饰工程有限公司,8000-12000
Java研发工程师J11223,http://company.zhaopin.com/CC688310727.htm,易鑫集团,15001-20000
Java工程师,http://company.zhaopin.com/CC525023036.htm,医协创智科技(北京)有限公司,10000-20000
中级JAVA开发工程师（政府财务研发部）,http://company.zhaopin.com/CC183636613.htm,福建博思软件股份有限公司,8000-15000
API  Java工程师,http://company.zhaopin.com/CC419073231.htm,北京鼎阅广告传媒有限责任公司,13000-18000
高级java工程师,http://company.zhaopin.com/P9/CC0006/4518/CC000645187.htm,普天信息技术有限公司,8000-15000
中、高级java工程师,http://special.zhaopin.com/bj/2013/zkrk062859,中科软科技股份有限公司,8000-15000
高级JAVA工程师,http://special.zhaopin.com/bj/2011/ht05092576/index.htm,航天信息股份有限公司,20001-30000
核心业务部门_Java工程师,http://company.zhaopin.com/CC120747254.htm,北京思特奇信息技术股份有限公司,4000-6000
高级java工程师,http://special.zhaopin.com/bj/2013/zkrk062859,中科软科技股份有限公司,10001-15000
互联网业务部门_Java工程师,http://company.zhaopin.com/CC120747254.htm,北京思特奇信息技术股份有限公司,6001-8000
JAVA开发工程师,http://company.zhaopin.com/P3/CC1456/4162/D902/500/CC145641624D90250002000.htm,方正国际软件（北京）有限公司,面议
JAVA开发工程师,http://special.zhaopin.com/bj/2011/Dx010512/,爱奇艺（www.iqiyi.com）,15001-20000
卢米埃-JAVA开发工程师,http://special.zhaopin.com/bj/2011/Dx010512/,爱奇艺（www.iqiyi.com）,4001-6000
高级Java软件工程师,http://company.zhaopin.com/P3/CC1567/3872/CC156738725.htm,开普云,20001-30000
java研发工程师（北京）,http://company.zhaopin.com/CC562114535.htm,深圳市源极光科技有限公司,15000-25000
java初级开发工程师（北京）,http://company.zhaopin.com/CC562114535.htm,深圳市源极光科技有限公司,6000-10000
java初级开发工程师（北京）,http://company.zhaopin.com/CC466965980.htm,深圳市芒柠科技有限公司,6000-10000
java开发工程师（北京）,http://company.zhaopin.com/CC466965980.htm,深圳市芒柠科技有限公司,10000-20000
高级Java软件开发工程师,http://company.zhaopin.com/%E5%8C%97%E4%BA%AC%E9%91%AB%E5%B9%BF%E8%BF%9B%E7%87%83%E6%B0%94%E8%AE%BE%E5%A4%87%E7%A0%94%E7%A9%B6%E6%89%80_CC352696522.htm,北京鑫广进燃气设备研究所,15001-20000
JAVA高级出品研发工程师-ZNY,http://special.zhaopin.com/bj/2012/siwei092527,北京四维图新科技股份有限公司,10000-20000
Java研发工程师,http://company.zhaopin.com/CC490979338.htm,盈信通(北京)信息技术有限公司,15000-25000
java开发工程师（北京）,http://company.zhaopin.com/CZ562550030.htm,深圳市八斗才数据有限公司,10001-15000
Java高级开发工程师（代招）,http://company.zhaopin.com/CC273391788.htm,上海睿民互联网科技有限公司,15001-20000
高级JAVA工程师,http://company.zhaopin.com/CC253129637.htm,北京万物小草智能科技有限公司,10000-20000
Java软件开发工程师/实习生,http://company.zhaopin.com/CC567369733.htm,北京欣如信科技有限公司,4001-6000
java开发工程师-生命科学园,http://company.zhaopin.com/CC508620126.htm,中软国际科技服务有限公司,面议
java软件开发工程师实习生+急招,http://company.zhaopin.com/CC567369733.htm,北京欣如信科技有限公司,6001-8000
Java全栈开发工程师实习生,http://company.zhaopin.com/CC567369733.htm,北京欣如信科技有限公司,8001-10000
java开发工程师,http://company.zhaopin.com/CC508620126.htm,中软国际科技服务有限公司,面议
java开发工程师-生命科学园,http://company.zhaopin.com/CC508620126.htm,中软国际科技服务有限公司,面议
Java工程师,http://xiaoyuan.zhaopin.com/subcompany/CC000132187D90000001000,航天云网,面议
java软件开发工程师实习生+急招,http://company.zhaopin.com/CC567369733.htm,北京欣如信科技有限公司,6001-8000
Java软件开发工程师/实习生,http://company.zhaopin.com/CC567369733.htm,北京欣如信科技有限公司,4001-6000
Java研发工程师,http://company.zhaopin.com/CC602273321.htm,北京世纪好未来教育科技有限公司,20000-40000
java开发工程师留用实习生,http://company.zhaopin.com/CC567369733.htm,北京欣如信科技有限公司,4001-6000
Java开发工程师,http://company.zhaopin.com/CC508620126.htm,中软国际科技服务有限公司,面议
java/软件工程师/前端开发/java架构师,http://company.zhaopin.com/CC466537383.htm,北京博阅锐动科技发展有限公司,16000-21000
高级JAVA工程师,http://company.zhaopin.com/CC253129637.htm,北京万物小草智能科技有限公司,10000-20000
Java开发工程师（工业网关）,http://company.zhaopin.com/CC278682437.htm,北京航天智造科技发展有限公司,15001-20000
Java软件工程师助理双休,http://company.zhaopin.com/CC514689632.htm,广州胖虾网络科技有限公司,5000-8000
JAVA后台软件工程师,http://company.zhaopin.com/P6/CC1200/6765/CC120067657.htm,北京锐安科技有限公司,10001-15000
java高级工程师,http://company.zhaopin.com/CC298729485.htm,北京中网易企秀科技有限公司,20000-40000
高级java工程师,http://company.zhaopin.com/P9/CC1204/0968/CC120409684.htm,东信北邮信息技术有限公司,10001-15000
JAVA 软件工程师,http://company.zhaopin.com/P6/CC0004/1335/CC000413352.htm,民航数据通信有限公司,10001-15000
JavaScript开发工程师/前段/后端开发,http://company.zhaopin.com/CC466537383.htm,北京博阅锐动科技发展有限公司,15500-20500
高级JAVA开发工程师（风控条线）,http://company.zhaopin.com/CC325098280.htm,北京明特量化信息技术有限公司,20000-30000
java初级开发工程师（北京+应届毕业生）,http://company.zhaopin.com/CZ562550030.htm,深圳市八斗才数据有限公司,5000-10000
java开发经理/java高级工程师,http://company.zhaopin.com/%E5%8C%97%E4%BA%AC%E5%9B%BD%E7%94%B5%E7%BB%8F%E7%BA%AC%E5%B7%A5%E7%A8%8B%E6%8A%80%E6%9C%AF%E6%9C%89%E9%99%90%E5%85%AC%E5%8F%B8_CC204593512.htm,北京国电经纬工程技术有限公司,20001-30000
JavaScript开发工程师/前段/后端开发,http://company.zhaopin.com/CC466537383.htm,北京博阅锐动科技发展有限公司,15500-20500
JAVA研发工程师,http://company.zhaopin.com/CC169971218.htm,核工业计算机应用研究所,8001-10000
高级Java工程师,http://company.zhaopin.com/CC253129637.htm,北京万物小草智能科技有限公司,15000-25000
高级Java开发工程师,http://company.zhaopin.com/P8/CC0005/9817/CC000598172.htm,北京炎黄新星网络科技有限公司,15001-20000
Java开发工程师（木樨地）,http://company.zhaopin.com/P8/CC0005/9817/CC000598172.htm,北京炎黄新星网络科技有限公司,8000-15000
急聘Java工程师助理,http://company.zhaopin.com/CC466482831.htm,北京学知汇科技有限公司,6001-8000
IT物联网Java工程师,http://company.zhaopin.com/CC575118831.htm,北京旭豪科技有限公司,6001-8000
研发工程师-JAVA方向（中级）,http://company.zhaopin.com/CC169971218.htm,核工业计算机应用研究所,8001-10000
java 开发工程师,http://company.zhaopin.com/CC699824224.htm,圣盈信(北京)管理咨询有限公司,15000-30000
中级JAVA软件工程师,http://company.zhaopin.com/P3/CC1562/2762/CC156227629.htm,北京亿赛通科技发展有限责任公司,10001-15000
研发工程师-JAVA方向（高级）,http://company.zhaopin.com/CC169971218.htm,核工业计算机应用研究所,10001-15000
java开发工程师,http://company.zhaopin.com/CC490979233.htm,北京互动百科网络技术股份有限公司,15001-20000
Java开发工程师,http://special.zhaopin.com/2017/bf/rxkf121156/,瑞幸咖啡(北京)有限公司,15001-20000
Java开发工程师(影像、票据类),http://special.zhaopin.com/pagepublish/56427/index.html,北京中软融鑫计算机系统工程有限公司,8001-10000
JAVA开发工程师,http://company.zhaopin.com/%E5%8C%97%E4%BA%AC%E5%8C%97%E5%A4%A7%E8%BD%AF%E4%BB%B6%E5%B7%A5%E7%A8%8B%E5%8F%91%E5%B1%95%E6%9C%89%E9%99%90%E5%85%AC%E5%8F%B8_CC000362500.htm,北京北大软件工程股份有限公司,15001-20000
高级JAVA开发工程师（渠道）,http://company.zhaopin.com/%E5%8C%97%E4%BA%AC%E5%8C%97%E5%A4%A7%E8%BD%AF%E4%BB%B6%E5%B7%A5%E7%A8%8B%E5%8F%91%E5%B1%95%E6%9C%89%E9%99%90%E5%85%AC%E5%8F%B8_CC000362500.htm,北京北大软件工程股份有限公司,20001-30000
高级JAVA开发工程师,http://special.zhaopin.com/pagepublish/56427/index.html,北京中软融鑫计算机系统工程有限公司,10001-15000
JAVA高级工程师,http://company.zhaopin.com/%E5%8C%97%E4%BA%AC%E5%8C%97%E5%A4%A7%E8%BD%AF%E4%BB%B6%E5%B7%A5%E7%A8%8B%E5%8F%91%E5%B1%95%E6%9C%89%E9%99%90%E5%85%AC%E5%8F%B8_CC000362500.htm,北京北大软件工程股份有限公司,10001-15000
Java开发工程师,http://company.zhaopin.com/P3/CC1567/3872/CC156738725.htm,开普云,10001-15000
java中级工程师,http://company.zhaopin.com/CC227091537.htm,北京星恒教育科技有限公司,8001-10000
JAVA中高级工程师,http://company.zhaopin.com/CC139131348.htm,亚信科技(中国)有限公司,15001-20000
JAVA开发工程师,http://company.zhaopin.com/P4/CC0004/6023/CC000460239.htm,上海汉得信息技术股份有限公司,10001-15000
java开发工程师,http://company.zhaopin.com/CC278682437.htm,北京航天智造科技发展有限公司,15001-20000
java开发工程师,http://company.zhaopin.com/P6/CC1205/6455/CC120564559.htm,深圳市长亮科技股份有限公司,8000-15000
资深Java开发工程师,http://company.zhaopin.com/P2/CC3484/4661/CC348446617.htm,华图教育集团,15001-20000
Java后端工程师,http://company.zhaopin.com/CC278682437.htm,北京航天智造科技发展有限公司,15001-20000
高级Java开发工程师,http://special.zhaopin.com/bj/2013/zkrk062859,中科软科技股份有限公司,8000-12000
Java开发工程师,http://special.zhaopin.com/bj/2013/zkrk062859,中科软科技股份有限公司,7000-10000
JAVA软件开发工程师,http://special.zhaopin.com/bj/2013/zkrk062859,中科软科技股份有限公司,8000-13000
JAVA软件开发工程师(PON/路由方向),http://special.zhaopin.com/bj/2013/raisecom021778,瑞斯康达科技发展股份有限公司,10001-15000
Java高级开发工程师（APP端）,http://company.zhaopin.com/CC419073231.htm,北京鼎阅广告传媒有限责任公司,20000-35000
JAVA高级软件工程师,http://special.zhaopin.com/bj/2013/zkrk062859,中科软科技股份有限公司,8001-10000
Java开发工程师,http://special.zhaopin.com/bj/2013/zkrk062859,中科软科技股份有限公司,9000-15000
高级JAVA开发工程师,http://company.zhaopin.com/CC608869229.htm,北京金山云网络技术有限公司,15000-30000
中高级java开发工程师,http://company.zhaopin.com/CC183636613.htm,福建博思软件股份有限公司,12000-20000
中级Java开发工程师,http://company.zhaopin.com/%E4%B8%AD%E5%9B%BD%E5%8D%8E%E6%88%8E%E6%8E%A7%E8%82%A1%E6%9C%89%E9%99%90%E5%85%AC%E5%8F%B8_CC446766218.htm,中国华戎科技集团有限公司,8000-16000
Java开发工程师,http://special.zhaopin.com/bj/2011/ht05092576/index.htm,航天信息股份有限公司,8001-10000
JAVA软件开发工程师(分组网络方向),http://special.zhaopin.com/bj/2013/raisecom021778,瑞斯康达科技发展股份有限公司,10001-15000
JAVA软件开发工程师,http://special.zhaopin.com/bj/2013/raisecom021778,瑞斯康达科技发展股份有限公司,10001-15000
Java工程师助理包吃住,http://company.zhaopin.com/CC514689632.htm,广州胖虾网络科技有限公司,4001-6000
java高级工程师,redirecturl?url=http%3a%2f%2fmaker.haier.net%2fcustompage%2findex%2findex.html%3fplatformcode%3dzl&amp;cc=CC121066847J90316834000&amp;sign=B38039DCD217B30005602D61F2BEE9C2,海尔集团公司,面议
高级JAVA开发工程师/架构师,http://special.zhaopin.com/bj/2015/hc032014/enter.html,北京恒昌利通投资管理有限公司,面议
JAVA开发工程师（偏网络）,redirecturl?url=http%3a%2f%2fmaker.haier.net%2fcustompage%2findex%2findex.html%3fplatformcode%3dzl&amp;cc=CC121066847J90317607000&amp;sign=B38039DCD217B30005602D61F2BEE9C2,海尔集团公司,面议
java工程师--数据挖掘方向,http://company.zhaopin.com/CC699824224.htm,圣盈信(北京)管理咨询有限公司,15000-25000
java工程师（数据方向）,http://company.zhaopin.com/CC677171025.htm,巧达科技(北京)有限公司,20000-40000
java开发工程师,http://company.zhaopin.com/CC121052750.htm,北京瑞祥佳艺建筑装饰工程有限公司,8000-12000
Java工程师,http://company.zhaopin.com/CC606048725.htm,北京掌上先机网络科技有限公司,4000-8000
Java工程师,http://xiaoyuan.zhaopin.com/subcompany/CC000132187D90000001000,航天云网,面议
Java研发工程师J11223,http://company.zhaopin.com/CC688310727.htm,易鑫集团,15001-20000
中级JAVA开发工程师（政府财务研发部）,http://company.zhaopin.com/CC183636613.htm,福建博思软件股份有限公司,8000-15000
Java工程师,http://company.zhaopin.com/CC525023036.htm,医协创智科技(北京)有限公司,10000-20000
高级java工程师（阿里投资背景）,http://company.zhaopin.com/CC311289936.htm,北京云纵信息技术有限公司,20000-35000
JAVA开发工程师,http://special.zhaopin.com/bj/2011/Dx010512/,爱奇艺（www.iqiyi.com）,15001-20000
JAVA开发工程师,http://company.zhaopin.com/P3/CC1456/4162/D902/500/CC145641624D90250002000.htm,方正国际软件（北京）有限公司,面议
Java开发工程师,http://company.zhaopin.com/CC424188188.htm,大连斯锐信息技术有限公司,8001-10000
互联网业务部门_Java工程师,http://company.zhaopin.com/CC120747254.htm,北京思特奇信息技术股份有限公司,6001-8000
中级java工程师（阿里投资背景）,http://company.zhaopin.com/CC311289936.htm,北京云纵信息技术有限公司,14000-25000
核心业务部门_Java工程师,http://company.zhaopin.com/CC120747254.htm,北京思特奇信息技术股份有限公司,4000-6000
高级JAVA工程师,http://special.zhaopin.com/bj/2011/ht05092576/index.htm,航天信息股份有限公司,20001-30000
中、高级java工程师,http://special.zhaopin.com/bj/2013/zkrk062859,中科软科技股份有限公司,8000-15000
卢米埃-JAVA开发工程师,http://special.zhaopin.com/bj/2011/Dx010512/,爱奇艺（www.iqiyi.com）,4001-6000
高级java工程师,http://special.zhaopin.com/bj/2013/zkrk062859,中科软科技股份有限公司,10001-15000
高级java工程师,http://company.zhaopin.com/P9/CC0006/4518/CC000645187.htm,普天信息技术有限公司,8000-15000
java初级开发工程师（北京）,http://company.zhaopin.com/CC466965980.htm,深圳市芒柠科技有限公司,6000-10000
java初级开发工程师（北京）,http://company.zhaopin.com/CC562114535.htm,深圳市源极光科技有限公司,6000-10000
java研发工程师（北京）,http://company.zhaopin.com/CC562114535.htm,深圳市源极光科技有限公司,15000-25000
java开发工程师（北京）,http://company.zhaopin.com/CC466965980.htm,深圳市芒柠科技有限公司,10000-20000
JAVA高级出品研发工程师-ZNY,http://special.zhaopin.com/bj/2012/siwei092527,北京四维图新科技股份有限公司,10000-20000
高级Java软件工程师,http://company.zhaopin.com/P3/CC1567/3872/CC156738725.htm,开普云,20001-30000
java开发工程师（北京）,http://company.zhaopin.com/CZ562550030.htm,深圳市八斗才数据有限公司,10001-15000
高级Java软件开发工程师,http://company.zhaopin.com/%E5%8C%97%E4%BA%AC%E9%91%AB%E5%B9%BF%E8%BF%9B%E7%87%83%E6%B0%94%E8%AE%BE%E5%A4%87%E7%A0%94%E7%A9%B6%E6%89%80_CC352696522.htm,北京鑫广进燃气设备研究所,15001-20000
Java研发工程师,http://company.zhaopin.com/CC490979338.htm,盈信通(北京)信息技术有限公司,15000-25000
Java高级开发工程师（代招）,http://company.zhaopin.com/CC273391788.htm,上海睿民互联网科技有限公司,15001-20000
Java研发工程师,http://company.zhaopin.com/CC602273321.htm,北京世纪好未来教育科技有限公司,20000-40000
java开发工程师留用实习生,http://company.zhaopin.com/CC567369733.htm,北京欣如信科技有限公司,4001-6000
Java软件开发工程师/实习生,http://company.zhaopin.com/CC567369733.htm,北京欣如信科技有限公司,4001-6000
java开发工程师,http://company.zhaopin.com/CC508620126.htm,中软国际科技服务有限公司,面议
java开发工程师-生命科学园,http://company.zhaopin.com/CC508620126.htm,中软国际科技服务有限公司,面议
Java开发工程师,http://company.zhaopin.com/CC508620126.htm,中软国际科技服务有限公司,面议
java软件开发工程师实习生+急招,http://company.zhaopin.com/CC567369733.htm,北京欣如信科技有限公司,6001-8000
Java全栈开发工程师实习生,http://company.zhaopin.com/CC567369733.htm,北京欣如信科技有限公司,8001-10000
java/软件工程师/前端开发/java架构师,http://company.zhaopin.com/CC466537383.htm,北京博阅锐动科技发展有限公司,16000-21000
高级JAVA工程师,http://company.zhaopin.com/CC253129637.htm,北京万物小草智能科技有限公司,10000-20000
Java开发工程师（工业网关）,http://company.zhaopin.com/CC278682437.htm,北京航天智造科技发展有限公司,15001-20000
Java软件工程师助理双休,http://company.zhaopin.com/CC514689632.htm,广州胖虾网络科技有限公司,5000-8000
JAVA后台软件工程师,http://company.zhaopin.com/P6/CC1200/6765/CC120067657.htm,北京锐安科技有限公司,10001-15000
java高级工程师,http://company.zhaopin.com/CC298729485.htm,北京中网易企秀科技有限公司,20000-40000
高级java工程师,http://company.zhaopin.com/P9/CC1204/0968/CC120409684.htm,东信北邮信息技术有限公司,10001-15000
JavaScript开发工程师/前段/后端开发,http://company.zhaopin.com/CC466537383.htm,北京博阅锐动科技发展有限公司,15500-20500
高级JAVA开发工程师（风控条线）,http://company.zhaopin.com/CC325098280.htm,北京明特量化信息技术有限公司,20000-30000
java初级开发工程师（北京+应届毕业生）,http://company.zhaopin.com/CZ562550030.htm,深圳市八斗才数据有限公司,5000-10000
JavaScript开发工程师/前段/后端开发,http://company.zhaopin.com/CC466537383.htm,北京博阅锐动科技发展有限公司,15500-20500
java开发经理/java高级工程师,http://company.zhaopin.com/%E5%8C%97%E4%BA%AC%E5%9B%BD%E7%94%B5%E7%BB%8F%E7%BA%AC%E5%B7%A5%E7%A8%8B%E6%8A%80%E6%9C%AF%E6%9C%89%E9%99%90%E5%85%AC%E5%8F%B8_CC204593512.htm,北京国电经纬工程技术有限公司,20001-30000
JAVA研发工程师,http://company.zhaopin.com/CC169971218.htm,核工业计算机应用研究所,8001-10000
高级Java工程师,http://company.zhaopin.com/CC253129637.htm,北京万物小草智能科技有限公司,15000-25000
高级Java开发工程师,http://company.zhaopin.com/P8/CC0005/9817/CC000598172.htm,北京炎黄新星网络科技有限公司,15001-20000
Java开发工程师（木樨地）,http://company.zhaopin.com/P8/CC0005/9817/CC000598172.htm,北京炎黄新星网络科技有限公司,8000-15000
急聘Java工程师助理,http://company.zhaopin.com/CC466482831.htm,北京学知汇科技有限公司,6001-8000
Java研发工程师,http://xiaoyuan.zhaopin.com/subcompany/CC000936902D90000007000,复星一家联合招聘,面议
JAVA开发工程师,http://xiaoyuan.zhaopin.com/subcompany/CC000132187D90000002000,航天云网,面议
Java后台开发工程师,http://xiaoyuan.zhaopin.com/subcompany/CC000936902D90000007000,复星一家联合招聘,面议
JAVA开发工程师,http://xiaoyuan.zhaopin.com/subcompany/CC000950424D90000000000,神州医疗,面议
IT物联网Java工程师,http://company.zhaopin.com/CC575118831.htm,北京旭豪科技有限公司,6001-8000
研发工程师-JAVA方向（中级）,http://company.zhaopin.com/CC169971218.htm,核工业计算机应用研究所,8001-10000
java 开发工程师,http://company.zhaopin.com/CC699824224.htm,圣盈信(北京)管理咨询有限公司,15000-30000
中级JAVA软件工程师,http://company.zhaopin.com/P3/CC1562/2762/CC156227629.htm,北京亿赛通科技发展有限责任公司,10001-15000
研发工程师-JAVA方向（高级）,http://company.zhaopin.com/CC169971218.htm,核工业计算机应用研究所,10001-15000
java开发工程师,http://company.zhaopin.com/CC490979233.htm,北京互动百科网络技术股份有限公司,15001-20000
Java开发工程师,http://special.zhaopin.com/2017/bf/rxkf121156/,瑞幸咖啡(北京)有限公司,15001-20000
高级JAVA开发工程师,http://special.zhaopin.com/pagepublish/56427/index.html,北京中软融鑫计算机系统工程有限公司,10001-15000
Java开发工程师(影像、票据类),http://special.zhaopin.com/pagepublish/56427/index.html,北京中软融鑫计算机系统工程有限公司,8001-10000
Java开发工程师,http://company.zhaopin.com/P3/CC1567/3872/CC156738725.htm,开普云,10001-15000
java中级工程师,http://company.zhaopin.com/CC227091537.htm,北京星恒教育科技有限公司,8001-10000
java开发工程师,http://company.zhaopin.com/CC443705682.htm,神州数码医疗科技股份有限公司,15000-25000
资深JAVA开发工程师,http://company.zhaopin.com/CC443705682.htm,神州数码医疗科技股份有限公司,15000-25000
JAVA开发工程师,http://special.zhaopin.com/bj/2013/zkrk062859,中科软科技股份有限公司,5000-8000
JAVA软件开发工程师-SYT,http://special.zhaopin.com/bj/2013/zkrk062859,中科软科技股份有限公司,4001-6000
中/高级JAVA开发工程师（研发经理）,http://special.zhaopin.com/bj/2011/zdph04120776/job.htm,北京中电普华信息技术有限公司,10001-15000
高级Java开发工程师,http://company.zhaopin.com/CC608869229.htm,北京金山云网络技术有限公司,15000-30000
JAVA开发工程师,http://special.zhaopin.com/bj/2013/zkrk062859,中科软科技股份有限公司,6000-7000
企业直招java开发工程师接受应届生,http://company.zhaopin.com/P9/CC1345/0348/CC134503487.htm,北京华信智原教育技术有限公司,6001-8000
JAVA开发工程师,http://special.zhaopin.com/bj/2013/zkrk062859,中科软科技股份有限公司,8000-16000
高级Java开发工程师,http://company.zhaopin.com/P4/CC1201/7963/CC120179637.htm,北京柯莱特科技有限公司,13000-17000
阳光人寿总公司-信息技术部-JAVA开发工程师,http://special.zhaopin.com/bj/2013/ygbx080974/,阳光保险集团股份有限公司,面议
java开发工程师（交大）,http://special.zhaopin.com/bj/2013/zkrk062859,中科软科技股份有限公司,9000-18000
java高级工程师_CSC BJ,http://company.zhaopin.com/CC139131348.htm,亚信科技(中国)有限公司,10000-18000
JAVA开发工程师OA项目,http://special.zhaopin.com/bj/2013/zkrk062859,中科软科技股份有限公司,8000-12000
高级Java开发工程师,http://company.zhaopin.com/%E4%B8%AD%E5%9B%BD%E5%8D%8E%E6%88%8E%E6%8E%A7%E8%82%A1%E6%9C%89%E9%99%90%E5%85%AC%E5%8F%B8_CC446766218.htm,中国华戎科技集团有限公司,15000-30000
java研发工程师,http://special.zhaopin.com/bj/2011/ht05092576/index.htm,航天信息股份有限公司,8001-10000
Java开发工程师,http://company.zhaopin.com/CC203503934.htm,柚子(北京)移动技术有限公司,10000-15000
急聘JAVA软件开发工程师+各项福利,http://company.zhaopin.com/P9/CC1345/0348/CC134503487.htm,北京华信智原教育技术有限公司,10001-15000
JAVA初级开发工程师,http://special.zhaopin.com/bj/2013/zkrk062859,中科软科技股份有限公司,6000-10000
java web高级开发工程师,http://special.zhaopin.com/bj/2010/yongyou080419/index.html,用友网络科技股份有限公司,30001-50000
java开发工程师,http://company.zhaopin.com/CC139131348.htm,亚信科技(中国)有限公司,10000-20000
互联网业务部门_Java高级工程师,http://company.zhaopin.com/CC120747254.htm,北京思特奇信息技术股份有限公司,8001-10000
java开发工程师,http://special.zhaopin.com/bj/2013/zkrk062859,中科软科技股份有限公司,8001-10000
JAVA中高级工程师（控股大厦）,http://company.zhaopin.com/CC139131348.htm,亚信科技(中国)有限公司,10000-20000
JAVA高级工程师(控股大厦),http://company.zhaopin.com/CC139131348.htm,亚信科技(中国)有限公司,15001-20000
JAVA开发工程师,http://special.zhaopin.com/bj/2013/zkrk062859,中科软科技股份有限公司,8001-10000
Java中高级工程师,http://company.zhaopin.com/CC343778488.htm,北京易代步科技有限公司,15000-25000
java开发工程师,http://company.zhaopin.com/CC278682437.htm,北京航天智造科技发展有限公司,15001-20000
JAVA中高级工程师,http://company.zhaopin.com/CC139131348.htm,亚信科技(中国)有限公司,15001-20000
Java开发工程师（金融保险行业）,http://special.zhaopin.com/bj/2013/zkrk062859,中科软科技股份有限公司,10000-20000
JAVA软件开发工程师,http://special.zhaopin.com/bj/2013/zkrk062859,中科软科技股份有限公司,8000-13000
JAVA软件开发工程师(PON/路由方向),http://special.zhaopin.com/bj/2013/raisecom021778,瑞斯康达科技发展股份有限公司,10001-15000
java开发工程师,http://company.zhaopin.com/P6/CC1205/6455/CC120564559.htm,深圳市长亮科技股份有限公司,8000-15000
JAVA软件开发工程师(分组网络方向),http://special.zhaopin.com/bj/2013/raisecom021778,瑞斯康达科技发展股份有限公司,10001-15000
JAVA软件开发工程师,http://special.zhaopin.com/bj/2013/raisecom021778,瑞斯康达科技发展股份有限公司,10001-15000
资深Java开发工程师,http://company.zhaopin.com/P2/CC3484/4661/CC348446617.htm,华图教育集团,15001-20000
Java软件开发工程师-实习生,http://company.zhaopin.com/P9/CC1345/0348/CC134503487.htm,北京华信智原教育技术有限公司,6001-8000
Java开发工程师,http://special.zhaopin.com/bj/2013/zkrk062859,中科软科技股份有限公司,9000-15000
Java高级开发工程师,http://special.zhaopin.com/bj/12081771/index.html,纬创软件(北京)有限公司,15001-20000
急聘JAVA初级软件开发工程师+各项福利,http://company.zhaopin.com/P9/CC1345/0348/CC134503487.htm,北京华信智原教育技术有限公司,10001-15000
Java开发工程师,http://company.zhaopin.com/P4/CC1201/7963/CC120179637.htm,北京柯莱特科技有限公司,10001-15000
软件开发工程师（JAVA）,http://company.zhaopin.com/P9/CC1345/0348/CC134503487.htm,北京华信智原教育技术有限公司,10001-15000
Java后端工程师,http://company.zhaopin.com/CC278682437.htm,北京航天智造科技发展有限公司,15001-20000
JAVA开发工程师,http://company.zhaopin.com/P4/CC0004/6023/CC000460239.htm,上海汉得信息技术股份有限公司,10001-15000
中级Java开发工程师,http://company.zhaopin.com/%E4%B8%AD%E5%9B%BD%E5%8D%8E%E6%88%8E%E6%8E%A7%E8%82%A1%E6%9C%89%E9%99%90%E5%85%AC%E5%8F%B8_CC446766218.htm,中国华戎科技集团有限公司,8000-16000
中高级java开发工程师,http://company.zhaopin.com/CC183636613.htm,福建博思软件股份有限公司,12000-20000
高级Java开发工程师,http://special.zhaopin.com/bj/2013/zkrk062859,中科软科技股份有限公司,8000-12000
Java开发工程师,http://special.zhaopin.com/bj/2011/ht05092576/index.htm,航天信息股份有限公司,8001-10000
JAVA软件开发工程师,http://special.zhaopin.com/bj/2013/zkrk062859,中科软科技股份有限公司,8000-13000
Java高级开发工程师,http://special.zhaopin.com/bj/12081771/index.html,纬创软件(北京)有限公司,15001-20000
JAVA开发工程师,http://company.zhaopin.com/P4/CC0004/6023/CC000460239.htm,上海汉得信息技术股份有限公司,10001-15000
Java开发工程师,http://special.zhaopin.com/bj/2013/zkrk062859,中科软科技股份有限公司,7000-10000
高级JAVA开发工程师,http://company.zhaopin.com/CC608869229.htm,北京金山云网络技术有限公司,15000-30000
JAVA开发工程师,http://company.zhaopin.com/P7/CC0003/2756/CC000327562.htm,北京天融信科技有限公司,10001-15000
初级数据工程师（Java方向）,http://company.zhaopin.com/P9/CC0006/4518/CC000645187.htm,普天信息技术有限公司,6001-8000
Java服务器高级开发工程师-高性能服务器,http://company.zhaopin.com/%E5%8E%A6%E9%97%A8%E7%A5%9E%E5%B7%9E%E9%B9%B0%E8%BD%AF%E4%BB%B6%E7%A7%91%E6%8A%80%E6%9C%89%E9%99%90%E5%85%AC%E5%8F%B8_CC424426916.htm,厦门神州鹰软件科技有限公司,15000-30000
Java工程师,http://company.zhaopin.com/CC396971137.htm,北京科佳同创新能源科技有限公司,8000-12000
高薪急聘Java工程师包住,http://company.zhaopin.com/CC654947588.htm,北京恒聚嘉信科技有限公司,6001-8000
Java开发工程师【坐标郑州】,http://company.zhaopin.com/CC319483532.htm,河南奇酷信息技术有限公司,15001-20000
高级JAVA研发工程师,http://special.zhaopin.com/pagepublish/33336303/index.html,武汉合众易宝科技有限公司北京分公司,20001-30000
Java开发工程师,http://company.zhaopin.com/CC295286132.htm,北京智慧流教育科技有限公司,10000-20000
Java开发工程师,http://company.zhaopin.com/CC574483922.htm,安投融(北京)网络科技有限公司,10000-15000
Web前端 PHP UI转Java开发工程师,http://company.zhaopin.com/CC520519432.htm,北京中软智信科技有限公司,4001-6000
java工程师-lixq,http://company.zhaopin.com/%E5%8C%97%E4%BA%AC%E4%B8%AD%E7%A7%91%E5%BB%BA%E5%8F%8B%E7%A7%91%E6%8A%80%E6%9C%89%E9%99%90%E5%85%AC%E5%8F%B8_CC298565618.htm,北京中科建友科技股份有限公司,8001-10000
Java开发工程师,http://company.zhaopin.com/%E5%8C%97%E4%BA%AC%E5%8D%83%E9%87%8C%E9%A9%AC%E7%BD%91%E4%BF%A1%E7%A7%91%E6%8A%80%E6%9C%89%E9%99%90%E5%85%AC%E5%8F%B8_CC512470927.htm,北京千里马网信科技有限公司,6000-9000
Java工程师（市场营销，支付方向）,http://company.zhaopin.com/CC310869685.htm,多点生活(中国)网络科技有限公司,20001-30000
Java工程师,http://company.zhaopin.com/P9/CC1206/1588/CC120615883.htm,北京华路时代信息技术有限公司,10001-15000
高级JAVA工程师-北京-00065,http://company.zhaopin.com/CC681023527.htm,博易智软(北京)技术股份有限公司,23000-28000
Java工程师,http://company.zhaopin.com/P2/CC3026/4081/CC302640810.htm,北京博锐尚格节能技术股份有限公司,12000-18000
Java工程师（互联网金融）,http://special.zhaopin.com/pagepublish/12016565/index.html,北京数码视讯科技股份有限公司,13000-20000
高级Java工程师,http://company.zhaopin.com/CC234468831.htm,考拉征信服务有限公司,15001-20000
JAVA工程师,http://company.zhaopin.com/%E5%8C%97%E4%BA%AC%E6%85%A7%E8%81%AA%E8%B5%84%E9%81%93%E5%92%A8%E8%AF%A2%E6%9C%89%E9%99%90%E5%85%AC%E5%8F%B8_CC507189822.htm,北京慧辰资道资讯股份有限公司,8000-12000
资深Java工程师（移动后台）-互联网电商,http://special.zhaopin.com/pagepublish/13523227/index.html,敦煌网,20001-30000
Java工程师（汽车金融）,http://company.zhaopin.com/CC574483922.htm,安投融(北京)网络科技有限公司,12000-18000
高级java工程师,http://special.zhaopin.com/zz/2015/11092/zp060837,鲜易控股,15000-25000
Java工程师,http://special.zhaopin.com/bf/2014/czj041009/,汽车之家,15001-20000
高级Java工程师,http://special.zhaopin.com/bj/2009/lacala093022/index.htm,拉卡拉支付股份有限公司,10000-20000
JAVA工程师,http://company.zhaopin.com/CC521380981.htm,北京艾迪信科技有限公司,15001-20000
Java工程师（广电）,http://special.zhaopin.com/pagepublish/12016565/index.html,北京数码视讯科技股份有限公司,10001-15000
高级java工程师,http://special.zhaopin.com/qd/2015/wdkj022536,青岛伟东云教育集团有限公司,15001-20000
高级java开发工程师,http://company.zhaopin.com/CC255881135.htm,厦门至恒融兴信息技术有限公司,15001-20000
高级JAVA工程师,http://special.zhaopin.com/pagepublish/14693778/index.html,北京新媒传信科技有限公司(中国移动飞信开发及运营机构),15001-20000
中级Java工程师,http://company.zhaopin.com/P3/CC1203/5002/CC120350020.htm,北京炎黄盈动科技发展有限责任公司,10001-15000
【华青融天】上市公司-高级java工程师,http://company.zhaopin.com/%E5%8C%97%E4%BA%AC%E5%8D%8E%E9%9D%92%E8%9E%8D%E5%A4%A9%E6%8A%80%E6%9C%AF%E6%9C%89%E9%99%90%E8%B4%A3%E4%BB%BB%E5%85%AC%E5%8F%B8_CC170279519.htm,华青融天(北京)技术股份有限公司,30001-50000
资深JAVA工程师,http://company.zhaopin.com/CC664788322.htm,星河互联集团有限公司,20001-30000
高级JAVA工程师,http://company.zhaopin.com/P9/CC1370/3688/CC137036882.htm,恒信东方文化股份有限公司,15000-25000
高级Java工程师,http://company.zhaopin.com/CC311459214.htm,北京优炫软件股份有限公司,20001-30000
初/中级Java工程师,http://company.zhaopin.com/%E5%8C%97%E4%BA%AC%E5%8D%8E%E9%9D%92%E8%9E%8D%E5%A4%A9%E6%8A%80%E6%9C%AF%E6%9C%89%E9%99%90%E8%B4%A3%E4%BB%BB%E5%85%AC%E5%8F%B8_CC170279519.htm,华青融天(北京)技术股份有限公司,8000-15000
Java工程师,http://company.zhaopin.com/%E5%8C%97%E4%BA%AC%E4%B8%AD%E7%A7%91%E8%BD%AF%E7%A7%91%E6%8A%80%E6%9C%89%E9%99%90%E5%85%AC%E5%8F%B8_CC442412017.htm,北京中科软科技有限公司,6000-10000
云计算高级JAVA工程师―8年以上经验,http://company.zhaopin.com/CC342714383.htm,恒泰艾普(北京)云技术有限公司,15000-25000
高级java工程师,http://company.zhaopin.com/CC419574338.htm,拉卡拉云商网络有限公司,15000-25000
中高级java工程师,http://company.zhaopin.com/CC342281931.htm,北京天学网教育科技股份有限公司,13000-26000
JAVA工程师――大住宿事业部,http://company.zhaopin.com/CC143301296D90250018000.htm,去哪儿网大住宿事业部,15000-25000
高级java开发工程师,http://company.zhaopin.com/CC255881135.htm,厦门至恒融兴信息技术有限公司,10001-15000
中级java工程师,http://company.zhaopin.com/CC561770720.htm,红板凳科技股份有限公司,10001-15000
高级Java工程师-集团（北京）,http://special.zhaopin.com/bj/2011/hljq05090476/index.htm,北京合力亿捷科技股份有限公司,10000-15000
高级Java工程师,http://company.zhaopin.com/CC285712384D90250082000.htm,花虾金融,25000-45000
高级JAVA工程师,http://company.zhaopin.com/CC311251934.htm,智慧互通科技有限公司,15000-25000
Java工程师,http://company.zhaopin.com/P3/CC0002/7862/CC000278621.htm,北京英克科技有限公司,10001-15000
java工程师,http://company.zhaopin.com/CC311251934.htm,智慧互通科技有限公司,15000-20000
高级java工程师,http://company.zhaopin.com/CC628532427.htm,北京点石经纬科技有限公司,20000-30000
高级JAVA工程师,http://company.zhaopin.com/%E5%8D%8F%E5%90%88%E9%A3%8E%E7%94%B5%E6%8A%95%E8%B5%84%E6%9C%89%E9%99%90%E5%85%AC%E5%8F%B8_CC189220625.htm,中国风电集团有限公司,20000-40000
高级全栈JAVA工程师,http://company.zhaopin.com/%E5%8C%97%E4%BA%AC%E4%BD%B3%E8%AE%AF%E9%A3%9E%E9%B8%BF%E7%94%B5%E6%B0%94%E8%82%A1%E4%BB%BD%E6%9C%89%E9%99%90%E5%85%AC%E5%8F%B8_CC156653824.htm,北京佳讯飞鸿电气股份有限公司,20001-30000
java工程师,http://company.zhaopin.com/CC213935487.htm,北京中能博泰科技有限公司,7500-15000
中高级java工程师,http://company.zhaopin.com/CC213935487.htm,北京中能博泰科技有限公司,20001-30000
java工程师,http://company.zhaopin.com/CC213935487.htm,北京中能博泰科技有限公司,10001-15000
高级JAVA工程师,http://company.zhaopin.com/P2/CC1502/2801/CC150228012.htm,北京美福科技股份有限公司,20001-30000
高级JAVA开发工程师,http://company.zhaopin.com/P5/CC1201/7104/CC120171048.htm,中车信息技术有限公司,15001-20000
高级JAVA开发工程师,http://special.zhaopin.com/bj/2015/hc032014/enter.html,北京恒昌利通投资管理有限公司,面议
java初级开发工程师（北京）,http://company.zhaopin.com/CZ544024680.htm,深圳市前海谷雨网络科技有限公司,5000-10000
带薪（零基础Java开发工程师助理）双休,http://company.zhaopin.com/CZ562074530.htm,博盛东宇(北京)科技有限公司,4001-6000
招聘零基础Java软件开发工程师定岗实训,http://company.zhaopin.com/CC340750231.htm,中软中科(北京)软件技术有限公司,6001-8000
JAVA开发工程师,http://company.zhaopin.com/CZ755644850.htm,海尔集团公司,1500-1800
java开发工程师,http://company.zhaopin.com/CZ743321540.htm,深圳三角形科技有限公司,15001-20000
Java开发工程师,http://company.zhaopin.com/%E5%8C%97%E4%BA%AC%E6%99%BA%E6%98%8E%E6%81%92%E7%9F%B3%E6%B2%B9%E7%A7%91%E6%8A%80%E6%9C%89%E9%99%90%E5%85%AC%E5%8F%B8_CC156502819.htm,北京智明恒石油科技股份有限公司,10000-20000
Java中高级开发工程师,http://company.zhaopin.com/CC418528082.htm,北京星河聘快线科技有限公司,15000-25000
高级Java工程师,http://company.zhaopin.com/CC647729622.htm,北京和创未来网络科技有限公司,15000-25000
初级Java工程师,http://company.zhaopin.com/CC262460635.htm,北京银河创想信息技术有限公司,6001-8000
高级JAVA工程师,http://company.zhaopin.com/CC244888886.htm,北京华软金科信息技术有限公司,20001-30000
中级Java工程师,http://company.zhaopin.com/CC262460635.htm,北京银河创想信息技术有限公司,10001-15000
Java工程师,http://special.zhaopin.com/bj/2010/flyingsoft082322/index.htm,北京东方飞扬软件股份有限公司,6001-8000
高级Java工程师,http://company.zhaopin.com/CZ241755380.htm,北京因果树网络科技有限公司,20001-30000
高级Java工程师,http://company.zhaopin.com/CZ635824120.htm,北京搜贷天下网络技术有限公司,20000-35000
Java工程师,http://company.zhaopin.com/CC256768584.htm,象辑知源(武汉)科技有限公司,10000-20000
JAVA开发工程师（金融）(002176),http://special.zhaopin.com/pagepublish/34570418/index.html,车好多集团,20001-30000
高级JAVA开发工程师,http://company.zhaopin.com/P2/CC1341/7431/CC134174315.htm,北京江南天安科技有限公司,20000-30000
Java服务器中级开发工程师,http://company.zhaopin.com/%E5%8E%A6%E9%97%A8%E7%A5%9E%E5%B7%9E%E9%B9%B0%E8%BD%AF%E4%BB%B6%E7%A7%91%E6%8A%80%E6%9C%89%E9%99%90%E5%85%AC%E5%8F%B8_CC424426916.htm,厦门神州鹰软件科技有限公司,15000-30000
资深java研发工程师,http://special.zhaopin.com/2017/bf/rxkf121156/,瑞幸咖啡(北京)有限公司,20001-30000
java工程师(2018届毕业),http://company.zhaopin.com/CC466482831.htm,北京学知汇科技有限公司,4001-6000
（急）Java工程师，可接受短期出差,http://company.zhaopin.com/CC617144229.htm,北京鼎亚科技有限公司,12000-17000
高级JAVA开发工程师,http://company.zhaopin.com/CC681448026.htm,百融金融信息服务股份有限公司,12000-20000
java初级工程师（应届生优先）,http://company.zhaopin.com/CC466482831.htm,北京学知汇科技有限公司,5000-8000
Java高级工程师,http://company.zhaopin.com/P6/CC0001/3665/CC000136652.htm,北京高阳金信信息技术有限公司,15001-20000
搜狐媒体-新闻客户端-服务器Java研发工程师,http://company.zhaopin.com/CC000016520D90250057000.htm,搜狐媒体,15000-25000
BJ-高级Java工程师 (MJ000720),http://special.zhaopin.com/sh/2014/hujia021493,沪江教育科技(上海)股份有限公司,18000-35000
高薪招聘Java开发工程师,http://company.zhaopin.com/CC614372623.htm,北京起鹏科技发展有限公司,10001-15000
Java开发工程师,http://company.zhaopin.com/CC240870480.htm,北京恒远志成信息服务有限公司,8000-15000
中级Java开发工程师岗位招聘,http://special.zhaopin.com/bj/2011/rjjs060825/index.html,中国软件与技术服务股份有限公司,8000-12000
高级JAVA开发工程师,http://company.zhaopin.com/CC620797421.htm,北京火币天下网络技术有限公司,20000-40000
Java研发工程师,http://special.zhaopin.com/qd/2015/wdkj022536,青岛伟东云教育集团有限公司,8000-15000
Java高级工程师/架构师,http://special.zhaopin.com/bf/2014/czj041009/,汽车之家,20001-30000
java研发工程师-北京,http://company.zhaopin.com/P2/CC1336/2921/CC133629212.htm,苍穹数码技术股份有限公司,10001-15000
Java开发工程师-北京-00329,http://special.zhaopin.com/pagepublish/13535392/index.html,北京中交兴路信息科技有限公司,20000-30000
Java开发工程师,http://special.zhaopin.com/pagepublish/12036479/index.html,北京数字政通科技股份有限公司,10001-15000
中级java开发工程师,http://special.zhaopin.com/sz/2011/szpc112803/index.html,苏州市软件评测中心有限公司,8000-12000
高级JAVA开发工程师,http://special.zhaopin.com/sz/2011/szpc112803/index.html,苏州市软件评测中心有限公司,12000-16000
Java高级开发工程师,http://company.zhaopin.com/CC561770720.htm,红板凳科技股份有限公司,10001-15000
Java开发工程师（北京）,http://company.zhaopin.com/P2/CC2424/0001/CC242400019.htm,大连优尼特科技有限公司,10000-16000
Java web开发工程师J11636,http://special.zhaopin.com/pagepublish/20112201/index.html,北京北大方正电子有限公司,10000-18000
Java软件工程师,http://special.zhaopin.com/pagepublish/38833/index.html,华迪计算机集团有限公司,10001-15000
Java开发工程师/Java高级开发工程师,http://company.zhaopin.com/CC551683829.htm,北京看山科技有限公司,15000-25000
Java/JSP开发工程师（分公司）,http://special.zhaopin.com/pagepublish/43800/index.html,青牛（北京）技术有限公司,10001-15000
高级JAVA开发工程师,http://company.zhaopin.com/CC335272932.htm,中网数据(北京)股份有限公司,30001-50000
中级Java开发工程师,http://company.zhaopin.com/CC202564831.htm,北京商联在线科技有限公司,10000-18000
java开发工程师,http://company.zhaopin.com/CC366553888.htm,大连信雅达软件有限公司北京办事处,10001-15000
高级java开发工程师（产品研发部）,http://company.zhaopin.com/CC393904529.htm,神州共途(北京)信息系统有限公司,12000-20000
Java服务器端研发工程师,http://company.zhaopin.com/CC303587618.htm,北京玩蟹科技有限公司,8001-10000
java开发工程师,http://company.zhaopin.com/CC336172833.htm,永盛志远科技集团有限公司,10000-20000
JAVA开发工程师,http://special.zhaopin.com/bf/2014/11006/jdtz120385,今典投资集团有限公司,10001-15000
Java开发工程师,http://company.zhaopin.com/%E5%8C%97%E4%BA%AC%E5%8D%8E%E9%9D%92%E8%9E%8D%E5%A4%A9%E6%8A%80%E6%9C%AF%E6%9C%89%E9%99%90%E8%B4%A3%E4%BB%BB%E5%85%AC%E5%8F%B8_CC170279519.htm,华青融天(北京)技术股份有限公司,7000-14000
java开发工程师（银行）,http://company.zhaopin.com/%E6%96%B0%E6%99%A8%E7%A7%91%E6%8A%80%E8%82%A1%E4%BB%BD%E6%9C%89%E9%99%90%E5%85%AC%E5%8F%B8_CC000133352.htm,新晨科技股份有限公司,15001-20000
java研发工程师,http://company.zhaopin.com/P9/CC1204/0968/CC120409684.htm,东信北邮信息技术有限公司,4000-8000
Java软件工程师,http://company.zhaopin.com/CC671035922.htm,上海艾融软件股份有限公司,8000-13000
Java初级开发工程师,http://company.zhaopin.com/P3/CC1203/5002/CC120350020.htm,北京炎黄盈动科技发展有限责任公司,8000-12000
Java研发工程师,http://special.zhaopin.com/pagepublish/12091059/index.html,北京迪文科技有限公司,15001-20000
高级Java研发工程师,http://special.zhaopin.com/pagepublish/12091059/index.html,北京迪文科技有限公司,20001-30000
Java软件工程师,http://company.zhaopin.com/%E5%9B%9B%E5%B7%9D%E4%B9%85%E8%BF%9C%E9%93%B6%E6%B5%B7%E8%BD%AF%E4%BB%B6%E6%9C%89%E9%99%90%E8%B4%A3%E4%BB%BB%E5%85%AC%E5%8F%B8_CC120934835.htm,四川久远银海软件股份有限公司,8001-10000
Java软件工程师,http://company.zhaopin.com/CC671035922.htm,上海艾融软件股份有限公司,8000-13000
高级java开发工程师（产品研发部）,http://company.zhaopin.com/CC393904529.htm,神州共途(北京)信息系统有限公司,12000-20000
Java服务器端研发工程师,http://company.zhaopin.com/CC303587618.htm,北京玩蟹科技有限公司,8001-10000
中级java开发工程师,http://company.zhaopin.com/CC366553888.htm,大连信雅达软件有限公司北京办事处,10001-15000
Java初级开发工程师,http://company.zhaopin.com/P3/CC1203/5002/CC120350020.htm,北京炎黄盈动科技发展有限责任公司,8000-12000
急聘通信行业java开发工程师,http://company.zhaopin.com/%E5%8C%97%E4%BA%AC%E4%B8%87%E5%8F%A4%E6%81%92%E4%BF%A1%E7%A7%91%E6%8A%80%E6%9C%89%E9%99%90%E5%85%AC%E5%8F%B8_CC206322616.htm,北京万古恒信科技有限公司,15001-20000
java研发工程师,http://company.zhaopin.com/P9/CC1204/0968/CC120409684.htm,东信北邮信息技术有限公司,4000-8000
Java后台开发工程师,http://company.zhaopin.com/%E6%97%B6%E4%BB%A3%E4%BB%8A%E5%85%B8%E4%BC%A0%E5%AA%92%E6%9C%89%E9%99%90%E5%85%AC%E5%8F%B8_CC515454420.htm,时代今典传媒有限公司,10001-15000
Java开发工程师,http://company.zhaopin.com/CC658802920.htm,航天科工智慧产业发展有限公司,10000-15000
中级JAVA开发工程师―电信（北京）,http://special.zhaopin.com/bj/2011/hljq05090476/index.htm,北京合力亿捷科技股份有限公司,7000-11000
java高级开发工程师（大型国企北京分公司）,http://company.zhaopin.com/CC455355235.htm,广州汇智通信技术有限公司北京分公司,15000-30000
Java开发工程师,http://company.zhaopin.com/CC240870480.htm,北京恒远志成信息服务有限公司,8000-15000
Java/JSP开发工程师（分公司）,http://special.zhaopin.com/pagepublish/43800/index.html,青牛（北京）技术有限公司,10001-15000
中级Java开发工程师岗位招聘,http://special.zhaopin.com/bj/2011/rjjs060825/index.html,中国软件与技术服务股份有限公司,8000-12000
高级JAVA技术工程师-信息安全方向,http://company.zhaopin.com/%E5%8C%97%E4%BA%AC%E4%B8%87%E5%8F%A4%E6%81%92%E4%BF%A1%E7%A7%91%E6%8A%80%E6%9C%89%E9%99%90%E5%85%AC%E5%8F%B8_CC206322616.htm,北京万古恒信科技有限公司,15001-20000
Java开发工程师（北京）,http://company.zhaopin.com/P2/CC2424/0001/CC242400019.htm,大连优尼特科技有限公司,10000-16000
JAVA软件工程师（HIP事业部）,http://company.zhaopin.com/%E5%8C%97%E4%BA%AC%E5%98%89%E5%92%8C%E7%BE%8E%E5%BA%B7%E4%BF%A1%E6%81%AF%E6%8A%80%E6%9C%AF%E6%9C%89%E9%99%90%E5%85%AC%E5%8F%B8_CC146296596.htm,北京嘉和美康信息技术有限公司,8000-16000
高级JAVA开发工程师,http://company.zhaopin.com/CC335272932.htm,中网数据(北京)股份有限公司,30001-50000
Java研发工程师,http://special.zhaopin.com/pagepublish/12091059/index.html,北京迪文科技有限公司,15001-20000
高级Java研发工程师,http://special.zhaopin.com/pagepublish/12091059/index.html,北京迪文科技有限公司,20001-30000
Java开发工程师/Java高级开发工程师,http://company.zhaopin.com/CC551683829.htm,北京看山科技有限公司,15000-25000
软件开发工程师Java,http://company.zhaopin.com/P5/CC1204/9094/CC120490943.htm,北京万里红科技股份有限公司,6000-12000
高级研发工程师（Java）,http://special.zhaopin.com/pagepublish/43697301/index.html,中汇电子支付有限公司,15000-25000
Java开发工程师,http://company.zhaopin.com/CC690807720.htm,北京大账房信息技术有限公司,10000-20000
Java开发工程师,http://special.zhaopin.com/pagepublish/12403/index.html,汉王科技股份有限公司,10001-15000
JAVA开发工程师,http://company.zhaopin.com/P2/CC2082/0371/CC208203716.htm,佳杰科技(中国)有限公司,8000-12000
Java高级开发工程师,http://company.zhaopin.com/CC631230826.htm,北京指掌易科技有限公司,20001-30000
Java web开发工程师J11636,http://special.zhaopin.com/pagepublish/20112201/index.html,北京北大方正电子有限公司,10000-18000
Java开发工程师,http://special.zhaopin.com/pagepublish/64781/index.html,北京发那科机电有限公司,面议
高级Java开发工程师,http://company.zhaopin.com/CC323109835.htm,北京果仁宝科技有限公司,25000-40000
java后台开发工程师,http://company.zhaopin.com/CC698950229.htm,上海小蚁科技有限公司,10001-15000
高级Java开发工程师,http://company.zhaopin.com/CC434383686.htm,北京爱尖子教育科技有限责任公司,19000-32000
JAVA开发工程师,http://company.zhaopin.com/CC596626722.htm,开网科技(北京)有限公司,8001-10000
Java开发工程师（初级）（研三1806）,http://company.zhaopin.com/P10/CC1449/0069/CC144900698.htm,北京南天软件有限公司,5000-8000
JAVA开发工程师,http://special.zhaopin.com/bj/2011/zyxc091574/jyb.htm,北京致远互联软件股份有限公司,15000-25000
java开发工程师,http://company.zhaopin.com/CC313334733.htm,北京青软实训教育科技有限公司,10001-15000
中级JAVA软件研发工程师,http://company.zhaopin.com/P2/CC2385/6651/CC238566514.htm,北京航天宏图信息技术股份有限公司,12000-24000
Java中高级开发工程师,http://company.zhaopin.com/P7/CC1205/9856/CC120598567.htm,北京中海纪元数字技术发展股份有限公司,10001-15000
JAVA研发工程师,http://special.zhaopin.com/pagepublish/13301984/index.html,北京师范大学,10001-15000
Java开发工程师,http://company.zhaopin.com/CC672265623.htm,苏州奖多多科技有限公司,10000-20000
JAVA高级工程师,http://company.zhaopin.com/CC193710213.htm,北京众和容智电子科技有限公司,15000-25000
高级Java开发工程师,http://company.zhaopin.com/CC491602330.htm,厚益控股管理有限公司,15000-25000
Java开发工程师,http://company.zhaopin.com/CZ300970630.htm,百望电子发票数据服务有限公司,12000-15000
初级JAVA开发工程师,http://company.zhaopin.com/%E7%94%A8%E5%8F%8B%E9%87%91%E8%9E%8D%E4%BF%A1%E6%81%AF%E6%8A%80%E6%9C%AF%E6%9C%89%E9%99%90%E5%85%AC%E5%8F%B8_CC120512438.htm,用友金融信息技术有限公司,70001-100000
高级JAVA开发工程师,http://company.zhaopin.com/CC620797421.htm,北京火币天下网络技术有限公司,20000-40000
中级java开发工程师,http://special.zhaopin.com/sz/2011/szpc112803/index.html,苏州市软件评测中心有限公司,8000-12000
Java开发工程师,http://company.zhaopin.com/CC585870724.htm,山大地纬软件股份有限公司,10001-15000
Java开发工程师/软件工程师,http://company.zhaopin.com/CC558164229.htm,北京完美空间教育科技有限公司,10001-15000
c++/java/golang高级工程师,http://company.zhaopin.com/CC317243584.htm,北京美洽网络科技有限公司,15000-30000
Java开发工程师,http://special.zhaopin.com/bj/2011/zyxc091574/jyb.htm,北京致远互联软件股份有限公司,10000-15000
java开发工程师,http://company.zhaopin.com/CZ607841180.htm,昆山智蓝信息科技有限公司,10000-20000
Java开发工程师,http://company.zhaopin.com/P3/CC1833/3112/CC183331124.htm,北京屏芯科技有限公司,25000-40000
java研发工程师,http://company.zhaopin.com/CC558164229.htm,北京完美空间教育科技有限公司,10001-15000
Java开发工程师-北京-00329,http://special.zhaopin.com/pagepublish/13535392/index.html,北京中交兴路信息科技有限公司,20000-30000
Java研发工程师,http://special.zhaopin.com/qd/2015/wdkj022536,青岛伟东云教育集团有限公司,8000-15000
Java开发工程师,http://special.zhaopin.com/pagepublish/12036479/index.html,北京数字政通科技股份有限公司,10001-15000
前端Java Script开发工程师,http://company.zhaopin.com/P2/CC2178/6201/CC217862013.htm,万库标杆科技有限公司,12000-18000
高级JAVA开发工程师（带团队）,http://company.zhaopin.com/P9/CC0005/2468/CC000524686.htm,北京精友时代信息技术发展有限公司,15000-20000
java开发工程师,http://company.zhaopin.com/P2/CC1204/7891/CC120478912.htm,北京中软万维网络技术有限公司,10001-15000
c++/java/golang高级工程师,http://company.zhaopin.com/CC317243584.htm,北京美洽网络科技有限公司,15000-30000
Java开发工程师,http://company.zhaopin.com/CZ300970630.htm,百望电子发票数据服务有限公司,12000-15000
Java研发工程师,http://special.zhaopin.com/qd/2015/wdkj022536,青岛伟东云教育集团有限公司,8000-15000
高级JAVA开发工程师,http://company.zhaopin.com/CC620797421.htm,北京火币天下网络技术有限公司,20000-40000
JAVA/C/.NET语言软件工程师,http://company.zhaopin.com/%E8%AE%AF%E5%92%8C%E5%88%9B%E6%96%B0%E7%A7%91%E6%8A%80%28%E5%8C%97%E4%BA%AC%29%E6%9C%89%E9%99%90%E5%85%AC%E5%8F%B8_CC365353724.htm,讯和创新科技(北京)有限公司,7000-13000
Java中级开发工程师,http://special.zhaopin.com/pagepublish/18090502/index.html,恒安嘉新(北京)科技有限公司,10001-15000
Java中高级开发工程师,http://company.zhaopin.com/P2/CC1204/7891/CC120478912.htm,北京中软万维网络技术有限公司,15001-20000
高级JAVA开发工程师,http://special.zhaopin.com/pagepublish/30018788/index.html,北京广通信达软件股份有限公司杭州分公司,10000-16000
java开发工程师（产品研发部）,http://company.zhaopin.com/%E5%8C%97%E4%BA%AC%E9%A3%9E%E5%88%A9%E4%BF%A1%E7%A7%91%E6%8A%80%E8%82%A1%E4%BB%BD%E6%9C%89%E9%99%90%E5%85%AC%E5%8F%B8_CC121040727.htm,北京飞利信科技股份有限公司,10000-15000
高级JAVA开发工程师,http://special.zhaopin.com/pagepublish/38833/index.html,华迪计算机集团有限公司,15001-20000
java开发工程师,http://company.zhaopin.com/CC151705220.htm,北京东大正保教育技术有限公司,10001-15000
Java开发工程师,http://company.zhaopin.com/%E5%8C%97%E4%BA%AC%E5%B8%82%E8%A5%BF%E5%9F%8E%E5%8C%BA%E5%B7%A8%E4%BA%BA%E6%96%87%E5%8C%96%E8%89%BA%E6%9C%AF%E5%9F%B9%E8%AE%AD%E5%AD%A6%E6%A0%A1_CC532459926.htm,北京市西城区巨人文化艺术培训学校,10000-20000
Java中高级开发工程师,http://special.zhaopin.com/pagepublish/18090502/index.html,恒安嘉新(北京)科技有限公司,20001-30000
高级java开发工程师,http://company.zhaopin.com/%E5%8C%97%E4%BA%AC%E4%B8%87%E5%8F%A4%E6%81%92%E4%BF%A1%E7%A7%91%E6%8A%80%E6%9C%89%E9%99%90%E5%85%AC%E5%8F%B8_CC206322616.htm,北京万古恒信科技有限公司,15001-20000
高级java软件工程师,http://special.zhaopin.com/pagepublish/14874123/index.html,北京大思潮投资顾问有限公司,10001-15000
Java开发工程师,http://special.zhaopin.com/pagepublish/14874123/index.html,北京大思潮投资顾问有限公司,6001-8000
JAVA开发工程师,http://special.zhaopin.com/sh/2015/11069/gdqt100872,全通教育集团(广东)股份有限公司,15001-20000
JAVA软件开发工程师,http://company.zhaopin.com/%E5%8C%97%E4%BA%AC%E4%B8%AD%E7%A7%91%E8%BE%85%E9%BE%99%E7%A7%91%E6%8A%80%E8%82%A1%E4%BB%BD%E6%9C%89%E9%99%90%E5%85%AC%E5%8F%B8_CC443671913.htm,北京中科辅龙科技股份有限公司,10001-15000
JAVA研发工程师,http://company.zhaopin.com/P8/CC1202/1117/CC120211170.htm,北京中科院软件中心有限公司,8001-10000
中高级JAVA开发工程师,http://special.zhaopin.com/pagepublish/30018788/index.html,北京广通信达软件股份有限公司杭州分公司,10000-20000
广告部Java高级工程师,http://special.zhaopin.com/bf/2014/czj041009/,汽车之家,20001-30000
全栈开发工程师（react/Java）,http://company.zhaopin.com/CC443746738.htm,阿博茨德(北京)科技有限公司,25000-45000
资深java开发工程师,http://company.zhaopin.com/CC443746738.htm,阿博茨德(北京)科技有限公司,30000-45000
Java开发工程师,http://company.zhaopin.com/%E5%8C%97%E4%BA%AC%E5%98%89%E5%92%8C%E7%BE%8E%E5%BA%B7%E4%BF%A1%E6%81%AF%E6%8A%80%E6%9C%AF%E6%9C%89%E9%99%90%E5%85%AC%E5%8F%B8_CC146296596.htm,北京嘉和美康信息技术有限公司,8000-15000
java高级工程师,http://company.zhaopin.com/CC596626722.htm,开网科技(北京)有限公司,10001-15000
Java研发工程师,http://company.zhaopin.com/CC518981124.htm,北京百旺金赋科技有限公司,8000-15000
java开发工程师,http://company.zhaopin.com/%E5%8C%97%E5%A4%A7%E8%8B%B1%E5%8D%8E%E7%A7%91%E6%8A%80%E6%9C%89%E9%99%90%E5%85%AC%E5%8F%B8_CC000204670.htm,北京北大英华科技有限公司,7000-14000
java开发工程师,http://company.zhaopin.com/P6/CC1318/2495/CC131824953.htm,中网载线控股有限公司,8000-13000
Java开发工程师,http://company.zhaopin.com/P2/CC2385/6651/CC238566514.htm,北京航天宏图信息技术股份有限公司,12000-18000
Java研发工程师,http://company.zhaopin.com/P7/CC1313/7996/CC131379967.htm,北京易普拉格科技股份有限公司,5000-10000
java开发工程师（ctl）,http://company.zhaopin.com/CC664788322.htm,星河互联集团有限公司,15001-20000
Java软件开发工程师,http://company.zhaopin.com/CC529047722.htm,北京中天国华信息技术有限公司,6001-8000
高级java开发工程师―大住宿事业部,http://company.zhaopin.com/CC143301296D90250018000.htm,去哪儿网大住宿事业部,15000-30000
高级java开发工程师（电商后台）中关村,http://company.zhaopin.com/P3/CC1202/2702/CC120227021.htm,北京农信互联科技有限公司,20001-30000
Java中高级开发工程师（经纪业务部）,http://company.zhaopin.com/CC681448026.htm,百融金融信息服务股份有限公司,20001-30000
GIS研发工程师（java））,http://company.zhaopin.com/CC414168982.htm,神州土地(北京)信息技术有限公司,10000-20000
java开发工程师,http://company.zhaopin.com/CC529416332.htm,长沙德昭物流有限公司北京分公司,13000-20000
JAVA开发工程师,http://company.zhaopin.com/CC287499984.htm,中关村领创空间科技服务有限责任公司,15000-18000
高级JAVA开发工程师-后端,http://company.zhaopin.com/%E5%8C%97%E4%BA%AC%E5%8D%8E%E9%9D%92%E8%9E%8D%E5%A4%A9%E6%8A%80%E6%9C%AF%E6%9C%89%E9%99%90%E8%B4%A3%E4%BB%BB%E5%85%AC%E5%8F%B8_CC170279519.htm,华青融天(北京)技术股份有限公司,25000-35000
中级Java开发工程师,http://company.zhaopin.com/P5/CC1201/7104/CC120171048.htm,中车信息技术有限公司,10001-15000
高级Java开发工程师,http://company.zhaopin.com/CC698950229.htm,上海小蚁科技有限公司,15001-20000
中级Java开发工程师,http://special.zhaopin.com/pagepublish/12054422/index.html,天地融科技股份有限公司,15001-20000
Java高级开发工程师,http://company.zhaopin.com/CC370719523.htm,北京华樾教育科技有限公司,20000-40000
高级Java研发工程师,http://company.zhaopin.com/P3/CC1386/7102/CC138671028.htm,北京明朝万达科技股份有限公司,13000-25000
JAVA开发工程师,http://special.zhaopin.com/bj/2011/xdf103129/index.html,北京新东方迅程网络科技股份有限公司,15001-20000
Java开发工程师,http://special.zhaopin.com/pagepublish/53361712/index.html,合肥英泽信息科技有限公司,10000-13000
Java开发工程师,http://special.zhaopin.com/pagepublish/24896211/index.html,国网电力科学研究院北京科东电力控制系统有限责任公司,6500-9500
Java高级工程师,http://special.zhaopin.com/bf/2014/czj041009/,汽车之家,20001-30000
java高级开发工程师,http://special.zhaopin.com/bj/2008/yiyangjituan0304003/index.html,亿阳信通股份有限公司,面议
高级JAVA软件研发工程师,http://company.zhaopin.com/P2/CC2385/6651/CC238566514.htm,北京航天宏图信息技术股份有限公司,15000-25000
JAVA开发工程师,http://special.zhaopin.com/pagepublish/13917861/index.html,北京世纪超星信息技术发展有限责任公司,10000-20000
Java中级开发工程师,http://special.zhaopin.com/bj/2008/yiyangjituan0304003/index.html,亿阳信通股份有限公司,面议
高级JAVA开发工程师,http://special.zhaopin.com/pagepublish/14610661/index.html,山东新北洋信息技术股份有限公司,15000-25000
"Java高级工程师(CallCenter,CRM,ERP方向)",http://company.zhaopin.com/CZ245912130.htm,北京华医共享医疗科技有限公司,8000-16000
Java高级开发工程师,http://company.zhaopin.com/P4/CC1385/3853/CC138538534.htm,北京金信润天信息技术股份有限公司,15000-30000
算法工程师（Java/Scala/Python/R方向）,http://company.zhaopin.com/CC213935487.htm,北京中能博泰科技有限公司,15001-20000
java开发工程师,http://special.zhaopin.com/bf/2014/czj041009/,汽车之家,30001-50000
JAVA高级软件工程师,http://company.zhaopin.com/P10/CC1439/0059/CC143900599.htm,中建材信息技术股份有限公司,15000-30000
中级java开发工程师,http://company.zhaopin.com/%E5%8C%97%E4%BA%AC%E4%B8%AD%E7%A7%91%E8%BD%AF%E7%A7%91%E6%8A%80%E6%9C%89%E9%99%90%E5%85%AC%E5%8F%B8_CC442412017.htm,北京中科软科技有限公司,10001-15000
北京-Java后台软件工程师,http://special.zhaopin.com/pagepublish/18069312/index.html,珠海世纪鼎利科技股份有限公司,10000-20000
Java开发工程师,http://special.zhaopin.com/pagepublish/56499932/index.html,北京华信杰通科技有限公司,10001-15000
java开发工程师（分布式）,http://special.zhaopin.com/bj/2013/xhcf062893/jobs.htm,信和财富投资管理(北京)有限公司,15001-20000
中级java开发工程师,http://company.zhaopin.com/%E5%8C%97%E4%BA%AC%E4%B8%AD%E7%A7%91%E8%BD%AF%E7%A7%91%E6%8A%80%E6%9C%89%E9%99%90%E5%85%AC%E5%8F%B8_CC442412017.htm,北京中科软科技有限公司,10001-15000
Java RCP 工程师,http://special.zhaopin.com/bj/2013/xhcf062893/jobs.htm,信和财富投资管理(北京)有限公司,20001-30000
北京-Java后台软件工程师,http://special.zhaopin.com/pagepublish/18069312/index.html,珠海世纪鼎利科技股份有限公司,10000-20000
JAVA高级软件工程师,http://company.zhaopin.com/P10/CC1439/0059/CC143900599.htm,中建材信息技术股份有限公司,15000-30000
Java研发工程师,http://company.zhaopin.com/%E5%8C%97%E4%BA%AC%E4%B8%AD%E5%86%9C%E4%BF%A1%E8%BE%BE%E4%BF%A1%E6%81%AF%E6%8A%80%E6%9C%AF%E6%9C%89%E9%99%90%E5%85%AC%E5%8F%B8_CC135100090.htm,北京中农信达信息技术有限公司,10001-15000
算法工程师（Java/Scala/Python/R方向）,http://company.zhaopin.com/CC213935487.htm,北京中能博泰科技有限公司,15001-20000
java开发工程师,http://special.zhaopin.com/bf/2014/czj041009/,汽车之家,30001-50000
JAVA开发工程师,http://company.zhaopin.com/P2/CC1555/3411/CC155534117.htm,北京四合天地科技有限公司,10000-16000
高级JAVA工程师,http://company.zhaopin.com/P3/CC1833/3112/CC183331124.htm,北京屏芯科技有限公司,20001-30000
Java服务开发工程师(大数据方向)-HXY,http://special.zhaopin.com/bj/2012/siwei092527,北京四维图新科技股份有限公司,10000-20000
Java软件工程师（支付方向）,http://company.zhaopin.com/%E5%93%88%E5%B0%94%E6%BB%A8%E6%96%B0%E4%B8%AD%E6%96%B0%E7%94%B5%E5%AD%90%E8%82%A1%E4%BB%BD%E6%9C%89%E9%99%90%E5%85%AC%E5%8F%B8_CC000140069.htm,哈尔滨新中新电子股份有限公司,10001-15000
高级java开发工程师-研发中心(004802),http://special.zhaopin.com/bj/2010/gld081233/home.htm,广联达科技股份有限公司,20001-30000
JAVA开发工程师,http://company.zhaopin.com/CC542363627.htm,北京盛威时代科技有限公司,8000-15000
高级后端java/php软件开发工程师,http://special.zhaopin.com/2017/bf/bjys072799,美菜网,20000-40000
培优总部-java开发工程师,http://company.zhaopin.com/CC602273321.htm,北京世纪好未来教育科技有限公司,10001-15000
JAVA开发工程师,http://company.zhaopin.com/CZ755644850.htm,海尔集团公司,1400-1500
JAVA开发工程师,http://company.zhaopin.com/CC230699638.htm,北京智云奇点科技有限公司,15001-20000
Java开发工程师,http://company.zhaopin.com/CC571816225D90250006000.htm,简理财,15000-30000
Java高级软件开发工程师,http://company.zhaopin.com/CC285018382.htm,北京金控数据技术股份有限公司,10001-15000
java开发工程师,http://company.zhaopin.com/%E5%8C%97%E4%BA%AC%E8%A5%BF%E7%9B%88%E4%BF%A1%E6%81%AF%E6%8A%80%E6%9C%AF%E6%9C%89%E9%99%90%E5%85%AC%E5%8F%B8_CC435751915.htm,北京西盈信息技术有限公司,6000-12000
JAVA高级开发工程师,http://special.zhaopin.com/pagepublish/25686433/index.html,壹壹金融信息服务(北京)有限公司,15001-20000
高薪招软件工程师.JAVA开发,http://company.zhaopin.com/CC466482831.htm,北京学知汇科技有限公司,6001-8000
java开发工程师,http://company.zhaopin.com/CC614372623.htm,北京起鹏科技发展有限公司,8001-10000
Java中级工程师（外包）   工作地点：廊坊,http://company.zhaopin.com/CC617144229.htm,北京鼎亚科技有限公司,11000-17000
Java 软件开发工程师,http://company.zhaopin.com/CC285018382.htm,北京金控数据技术股份有限公司,10001-15000
(高级)Java工程师,http://company.zhaopin.com/CC429940233.htm,北京启迪清芸能源科技有限公司,12000-22000
JAVA工程师,http://special.zhaopin.com/bj/2015/zqkj010721,北京掌趣科技股份有限公司,15001-20000
软件工程师-Java开发HXY,http://special.zhaopin.com/bj/2012/siwei092527,北京四维图新科技股份有限公司,10001-15000
高级Java工程师,http://company.zhaopin.com/CC421475684.htm,北京神州云合数据科技发展有限公司,10000-15000
初级Java工程师,http://company.zhaopin.com/CC421475684.htm,北京神州云合数据科技发展有限公司,6000-10000
Java工程师,http://company.zhaopin.com/CC703673128.htm,北京科信深度科技有限公司,10000-18000
java工程师,http://company.zhaopin.com/CC532467428.htm,北京旗云领视科技有限公司,10001-15000
资深JAVA工程师,http://company.zhaopin.com/P2/CC1947/9061/CC194790616.htm,北京天舟通信有限公司,15001-20000
JAVA工程师（全栈方向）,http://company.zhaopin.com/P2/CC1947/9061/CC194790616.htm,北京天舟通信有限公司,10001-15000
java工程师,http://company.zhaopin.com/CC203688039.htm,北京成逸鼎鑫科技有限公司,7000-13000
高级java工程师,http://company.zhaopin.com/CC641340025.htm,中企品研（北京）品牌顾问股份有限公司,12500-25000
高级Java工程师,http://company.zhaopin.com/CC382295925.htm,北京海华鑫安生物信息技术有限责任公司,8000-15000
JAVA工程师,http://company.zhaopin.com/P1/CC1208/9120/CC120891205.htm,北京双旗世纪科技有限公司,10001-15000
中级Java工程师,http://company.zhaopin.com/P2/CC3182/5111/CC318251111.htm,北京普巴软件有限公司,8000-15000
JAVA工程师,http://company.zhaopin.com/CC564433287.htm,美亚宏信(北京)信息技术有限公司,8000-12000
Java工程师,http://company.zhaopin.com/CC446851483.htm,绿欣科技发展(北京)有限公司,10001-15000
java工程师,http://company.zhaopin.com/CC261047287.htm,北京东奥华宇国际教育科技有限公司,15001-20000
Java工程师,http://company.zhaopin.com/%E5%8C%97%E4%BA%AC%E9%87%91%E7%BB%9F%E5%BE%A1%E7%A7%91%E6%8A%80%E6%9C%89%E9%99%90%E8%B4%A3%E4%BB%BB%E5%85%AC%E5%8F%B8_CC261070513.htm,北京统御至诚科技有限公司,6000-12000
JAVA工程师,http://company.zhaopin.com/%E5%8C%97%E4%BA%AC%E4%BA%BF%E5%87%AF%E6%98%9F%E7%9F%B3%E7%A7%91%E6%8A%80%E5%8F%91%E5%B1%95%E6%9C%89%E9%99%90%E5%85%AC%E5%8F%B8_CC457150224.htm,中能锐赫科技(北京)股份有限公司,6001-8000
java工程师,http://company.zhaopin.com/P8/CC1206/0137/CC120601372.htm,北京中科博润科技股份有限公司,10001-15000
高级java工程师,http://company.zhaopin.com/CC120102547.htm,北京大有时代软件技术有限公司,15001-20000
java工程师,http://company.zhaopin.com/CC518939831.htm,熊猫中医,4000-8000
高级JAVA工程师,http://company.zhaopin.com/CC403796235.htm,北京国能互联信息技术有限公司,15000-25000
java工程师（内蒙）,http://company.zhaopin.com/CC564433287.htm,美亚宏信(北京)信息技术有限公司,5000-8000
JAVA工程师,http://company.zhaopin.com/P3/CC1637/8922/CC163789222.htm,北京润尼尔网络科技有限公司,8001-10000
高级JAVA工程师,http://special.zhaopin.com/pagepublish/15026231/index.html,北京微卓科技股份有限公司,15001-20000
高级JAVA工程师,http://company.zhaopin.com/P10/CC1364/2409/CC136424090.htm,北京电信易通信息技术股份有限公司,15001-20000
Java工程师,http://company.zhaopin.com/CC342576734.htm,北京金股链科技有限公司,10001-15000
对日java工程师,http://company.zhaopin.com/CC429997088.htm,北京隆缔文化传媒有限公司,10001-15000
Java工程师,http://company.zhaopin.com/%E9%87%91%E5%B0%9A%E4%BA%92%E8%81%94%28%E5%8C%97%E4%BA%AC%29%E7%A7%91%E6%8A%80%E6%9C%89%E9%99%90%E5%85%AC%E5%8F%B8_CC349954311.htm,北京金尚互联科技股份有限公司,10000-17000
高级JAVA工程师,http://company.zhaopin.com/%E5%8C%97%E4%BA%AC%E4%BC%A0%E4%B9%A0%E6%96%B0%E5%A4%A9%E6%95%99%E8%82%B2%E7%A7%91%E6%8A%80%E6%9C%89%E9%99%90%E5%85%AC%E5%8F%B8_CC346793113.htm,北京传习新天教育科技有限公司,15001-20000
高级java工程师,http://company.zhaopin.com/%E5%8C%97%E4%BA%AC%E8%83%BD%E9%80%9A%E5%A4%A9%E4%B8%8B%E7%BD%91%E7%BB%9C%E6%8A%80%E6%9C%AF%E6%9C%89%E9%99%90%E5%85%AC%E5%8F%B8_CC249418817.htm,北京能通天下网络技术有限公司,12000-18000
高级java工程师,http://special.zhaopin.com/bj/2010/dtgis072213/job.htm,北京地拓科技发展有限公司,15000-25000
